{
  "project_info": {
    "project_number": "1002678503646",
    "firebase_url": "https://nannypoppins-b67ef.firebaseio.com",
    "project_id": "nannypoppins-b67ef",
    "storage_bucket": "nannypoppins-b67ef.appspot.com"
  },
  "client": [
    {
      "client_info": {
        "mobilesdk_app_id": "1:1002678503646:android:8fcd5ef8b972534d725a4f",
        "android_client_info": {
          "package_name": "com.example.nannypoppins"
        }
      },
      "oauth_client": [
        {
          "client_id": "1002678503646-9q40pe26vjakfosbg23j2ascpusm78i2.apps.googleusercontent.com",
          "client_type": 3
        }
      ],
      "api_key": [
        {
          "current_key": "AIzaSyBC7iSHMVOsf1Ss4KOPi_ZAaulk-dd1I5k"
        }
      ],
      "services": {
        "appinvite_service": {
          "other_platform_oauth_client": [
            {
              "client_id": "1002678503646-9q40pe26vjakfosbg23j2ascpusm78i2.apps.googleusercontent.com",
              "client_type": 3
            }
          ]
        }
      }
    }
  ],
  "configuration_version": "1"
}